<wpml-config>
  <custom-types>
    <custom-type translate="1">courses</custom-type>
    <custom-type translate="1">lesson</custom-type>
    <custom-type translate="1">tutor_quiz</custom-type>
    <custom-type translate="1">topics</custom-type>
    <custom-type translate="1">tutor_assignments</custom-type>
    <custom-type translate="1">tutor_enrolled</custom-type>
    <custom-type translate="1">course-bundle</custom-type>
    <custom-type translate="1">tutor-google-meet</custom-type>
    <custom-type translate="1">tutor_zoom_meeting</custom-type>
  </custom-types>
  <taxonomies>
    <taxonomy translate="1">course-category</taxonomy>
    <taxonomy translate="1">course-tag</taxonomy>
  </taxonomies>
  <custom-fields>
    <custom-field action="copy">_course_duration</custom-field>
    <custom-field action="copy">_tutor_course_level</custom-field>
    <custom-field action="copy">_thumbnail_id</custom-field>
    <custom-field action="copy">_tutor_attachments</custom-field>
    <custom-field action="copy">_tutor_course_id_for_lesson</custom-field>
    <custom-field action="copy">_tutor_course_benefits</custom-field>
    <custom-field action="copy">_tutor_course_requirements</custom-field>
    <custom-field action="copy">_tutor_course_target_audience</custom-field>
    <custom-field action="copy">_tutor_course_material_includes</custom-field>
    <custom-field action="copy">_tutor_course_settings</custom-field>
    <custom-field action="copy">tutor_course_certificate_template</custom-field>
    <custom-field action="copy">_tutor_enable_qa</custom-field>
    <custom-field action="copy">_tutor_is_public_course</custom-field>
    <custom-field action="copy">tutor_course_price</custom-field>
    <custom-field action="copy">tutor_course_sale_price</custom-field>
    <custom-field action="copy">tutor_gc_enable_classroom_stream</custom-field>
    <custom-field action="copy">tutor_gc_show_stream_files</custom-field>
    <custom-field action="copy">tutor_gc_include_classroom_files</custom-field>
    <custom-field action="copy">tutor_course_selling_option</custom-field>
    <custom-field action="copy">_tutor_course_price_type</custom-field>
    <custom-field action="copy">_tutor_course_started</custom-field>
    <custom-field action="copy">_tutor_course_id_for_assignments</custom-field>
    <custom-field action="copy">assignment_option</custom-field>
    <custom-field action="copy">_tutor_assignment_total_mark</custom-field>
    <custom-field action="copy">_tutor_assignment_pass_mark</custom-field>
    <custom-field action="copy">_tutor_assignment_attachments</custom-field>
    <custom-field action="copy">_video</custom-field>
    <custom-field action="copy">tutor_quiz_option</custom-field>
    <custom-field action="copy">_is_preview</custom-field>
  </custom-fields>
  <admin-texts>
    <key name="tutor_option">
      <key name="tutor_dashboard_page_id"/>
      <key name="tutor_toc_page_id"/>
      <key name="ecommerce_privacy_policy"/>
      <key name="enable_course_marketplace"/>
      <key name="pagination_per_page"/>
      <key name="enable_become_instructor_btn"/>
      <key name="instructor_can_publish_course"/>
      <key name="instructor_can_delete_course"/>
      <key name="instructor_can_change_course_author"/>
      <key name="instructor_can_manage_co_instructors"/>
      <key name="student_must_login_to_view_course"/>
      <key name="course_content_access_for_ia"/>
      <key name="course_content_summary"/>
      <key name="wc_automatic_order_complete_redirect_to_courses"/>
      <key name="enable_spotlight_mode"/>
      <key name="auto_course_complete_on_all_lesson_completion"/>
      <key name="course_completion_process"/>
      <key name="course_retake_feature"/>
      <key name="enable_course_review_moderation"/>
      <key name="enable_redirect_on_course_publish_from_frontend"/>
      <key name="tutor_pro_attachment_open_type"/>
      <key name="enrollment_expiry_enabled"/>
      <key name="enable_lesson_classic_editor"/>
      <key name="control_video_lesson_completion"/>
      <key name="required_percentage_to_complete_video_lesson"/>
      <key name="autoload_next_course_content"/>
      <key name="enable_comment_for_lesson"/>
      <key name="disable_complete_lesson_button"/>
      <key name="quiz_when_time_expires"/>
      <key name="quiz_answer_display_time"/>
      <key name="quiz_attempts_allowed"/>
      <key name="quiz_previous_button_enabled"/>
      <key name="quiz_grade_method"/>
      <key name="hide_quiz_details"/>
      <key name="supported_video_sources">
        <key name="0"/>
        <key name="1"/>
        <key name="2"/>
        <key name="3"/>
        <key name="4"/>
        <key name="5"/>
      </key>
      <key name="monetize_by"/>
      <key name="tutor_cart_page_id"/>
      <key name="tutor_checkout_page_id"/>
      <key name="currency_code"/>
      <key name="currency_position"/>
      <key name="thousand_separator"/>
      <key name="decimal_separator"/>
      <key name="number_of_decimals"/>
      <key name="tutor_woocommerce_order_auto_complete"/>
      <key name="tutor_woocommerce_invoice"/>
      <key name="enable_guest_course_cart"/>
      <key name="enable_revenue_sharing"/>
      <key name="earning_instructor_commission"/>
      <key name="earning_admin_commission"/>
      <key name="enable_fees_deducting"/>
      <key name="fees_name"/>
      <key name="fee_amount_type">
        <key name="fees_type"/>
        <key name="fees_amount"/>
      </key>
      <key name="min_withdraw_amount"/>
      <key name="minimum_days_for_balance_to_be_available"/>
      <key name="tutor_withdrawal_methods">
        <key name="bank_transfer_withdraw"/>
      </key>
      <key name="tutor_bank_transfer_withdraw_instruction"/>
      <key name="invoice_from_address"/>
      <key name="payment_settings"/>
      <key name="ecommerce_tax"/>
      <key name="is_coupon_applicable"/>
      <key name="is_enable_buy_now"/>
      <key name="is_enable_guest_checkout"/>
      <key name="tutor_frontend_course_page_logo_id"/>
      <key name="courses_col_per_row"/>
      <key name="course_archive_filter"/>
      <key name="courses_per_page"/>
      <key name="supported_course_filters">
        <key name="search"/>
        <key name="category"/>
      </key>
      <key name="course_archive_filter_sorting"/>
      <key name="instructor_list_layout"/>
      <key name="public_profile_layout"/>
      <key name="student_public_profile_layout"/>
      <key name="display_course_instructors"/>
      <key name="enable_q_and_a_on_course"/>
      <key name="enable_course_author"/>
      <key name="enable_course_level"/>
      <key name="enable_course_share"/>
      <key name="enable_course_duration"/>
      <key name="enable_course_total_enrolled"/>
      <key name="enable_course_update_date"/>
      <key name="enable_course_progress_bar"/>
      <key name="enable_course_material"/>
      <key name="enable_course_about"/>
      <key name="enable_course_description"/>
      <key name="enable_course_benefits"/>
      <key name="enable_course_requirements"/>
      <key name="enable_course_target_audience"/>
      <key name="enable_course_announcements"/>
      <key name="enable_course_review"/>
      <key name="enable_sticky_sidebar"/>
      <key name="enrollment_box_position_in_mobile"/>
      <key name="enable_certificate_showcase"/>
      <key name="certificate_showcase_title"/>
      <key name="certificate_showcase_desc"/>
      <key name="color_preset_type"/>
      <key name="tutor_primary_color"/>
      <key name="tutor_primary_hover_color"/>
      <key name="tutor_text_color"/>
      <key name="tutor_gray_color"/>
      <key name="tutor_border_color"/>
      <key name="disable_default_player_youtube"/>
      <key name="disable_default_player_vimeo"/>
      <key name="enable_gutenberg_course_edit"/>
      <key name="hide_course_from_shop_page"/>
      <key name="course_archive_page"/>
      <key name="instructor_register_page"/>
      <key name="student_register_page"/>
      <key name="lesson_video_duration_youtube_api_key"/>
      <key name="hide_admin_bar_for_users"/>
      <key name="course_permalink_base"/>
      <key name="lesson_permalink_base"/>
      <key name="quiz_permalink_base"/>
      <key name="assignment_permalink_base"/>
      <key name="enable_profile_completion"/>
      <key name="enable_tutor_native_login"/>
      <key name="delete_on_uninstall"/>
      <key name="enable_tutor_maintenance_mode"/>
      <key name="hotlink_protection"/>
      <key name="copy_protection"/>
      <key name="chatgpt_enable"/>
      <key name="chatgpt_api_key"/>
      <key name="gradebook_enable_grade_point"/>
      <key name="gradebook_show_grade_scale"/>
      <key name="gradebook_scale_separator"/>
      <key name="gradebook_scale"/>
      <key name="email_to_students">
        <key name="welcome_student"/>
        <key name="course_enrolled"/>
        <key name="inactive_student"/>
        <key name="lesson_comment_replied"/>
        <key name="quiz_completed"/>
        <key name="completed_course"/>
        <key name="remove_from_course"/>
        <key name="assignment_graded"/>
        <key name="new_announcement_posted"/>
        <key name="announcement_updated"/>
        <key name="after_question_answered"/>
        <key name="feedback_submitted_for_quiz"/>
        <key name="enrollment_expired"/>
        <key name="new_lesson_published"/>
        <key name="new_quiz_published"/>
        <key name="new_assignment_published"/>
      </key>
      <key name="email_to_teachers">
        <key name="a_student_enrolled_in_course"/>
        <key name="a_student_completed_course"/>
        <key name="a_student_completed_lesson"/>
        <key name="a_student_placed_question"/>
        <key name="new_lesson_comment_posted"/>
        <key name="student_submitted_quiz"/>
        <key name="student_submitted_assignment"/>
        <key name="withdrawal_request_approved"/>
        <key name="withdrawal_request_rejected"/>
        <key name="withdrawal_request_received"/>
        <key name="instructor_application_accepted"/>
        <key name="instructor_application_rejected"/>
        <key name="instructor_application_received"/>
        <key name="instructor_course_publish"/>
        <key name="a_instructor_course_rejected"/>
      </key>
      <key name="email_to_admin">
        <key name="new_instructor_signup"/>
        <key name="new_student_signup"/>
        <key name="new_course_submitted"/>
        <key name="new_course_published"/>
        <key name="course_updated"/>
        <key name="new_withdrawal_request"/>
      </key>
      <key name="tutor_email_disable_wpcron"/>
      <key name="tutor_email_cron_frequency"/>
      <key name="tutor_bulk_email_limit"/>
      <key name="enable_2fa"/>
      <key name="method_2fa"/>
      <key name="location_2fa"/>
      <key name="enable_spam_protection"/>
      <key name="spam_protection_method"/>
      <key name="recaptcha_v2_site_key"/>
      <key name="recaptcha_v2_secret_key"/>
      <key name="recaptcha_v3_site_key"/>
      <key name="recaptcha_v3_secret_key"/>
      <key name="spam_protection_location">
        <key name="tutor_login"/>
        <key name="tutor_registration"/>
      </key>
      <key name="enable_limit_active_device"/>
      <key name="device_limit"/>
      <key name="enable_email_verification"/>
      <key name="enable_google_login"/>
      <key name="google_client_ID"/>
      <key name="enable_facebook_login"/>
      <key name="facebook_app_ID"/>
      <key name="enable_twitter_login"/>
      <key name="twitter_app_key"/>
      <key name="twitter_app_key_secret"/>
      <key name="tutor_cert_authorised_name"/>
      <key name="tutor_cert_authorised_company_name"/>
      <key name="tutor_certificate_page"/>
      <key name="show_instructor_name_on_certificate"/>
      <key name="send_certificate_link_to_course_completion_email"/>
      <key name="tutor_cert_signature_image_id"/>
      <key name="membership_pricing_page_id"/>
    </key>
  </admin-texts>
</wpml-config>